Time [s],Power [mW]
0,25.528546129663784
1,25.508163546522457
2,25.387515522539616
3,25.312952876091003
4,25.69025624046723
5,25.24352413167556
