Time [s],Power [mW]
0,12.63044555236896
1,25.19283029685418
2,25.239624485373497
3,25.616884132226307
4,29.784523122012615
5,29.60881045460701
6,29.67192621777455
7,29.297506930927437
8,29.79286602139473
9,29.736110883454483
10,29.42856012781461
11,30.1679631570975
12,29.92726193368435
13,29.43553887307644
14,29.842583517233532
15,29.77032036582629
16,29.363566701610882
17,29.055031013985474
18,25.638909116387367
19,25.620702418188255
20,25.93753197044134
21,25.36774833748738
