Time [s],Power [mW]
0,25.723494564493496
1,26.09037386874358
2,25.688391307989757
3,26.105272221068542
4,25.512127585709095
5,25.791467366119225
