Time [s],Power [mW]
0,25.723494564493496
1,26.09037386874358
2,25.688391307989757
3,26.105272221068542
4,25.512127585709095
5,25.791467366119225
6,25.71539221952359
7,25.812781671682995
8,25.769108017285664
9,25.533551074564457
10,25.74697058896224
11,26.0739335740606
12,25.77040495723486
