Time [s],Power [mW]
0,35.121787599751876
1,34.79900431033726
2,34.95655026181087
