Time [s],Power [mW]
0,34.63491695882053
1,35.10823213094009
2,34.92249798215408
3,35.1846685768428
4,34.882507294848885
5,35.1858710045076
