Time [s],Power [mW]
0,35.17908750180282
1,35.056110716081655
2,35.18100603930284
3,34.91234515030538
4,34.9051156059393
5,34.83251605433535
