Time [s],Power [mW]
0,25.395749777555466
1,25.218168477217358
2,25.38279693077008
