Time [s],Power [mW]
0,25.609764101604622
1,25.669892164568108
2,25.714300245046616
3,25.675736690560978
4,26.062120993932087
5,25.938703832527
