Time [s],Power [mW]
0,25.130528060098488
1,24.866951065758865
2,25.303410597145557
3,25.036938677231472
4,24.891015854974587
5,24.59846092015505
