Time [s],Power [mW]
0,24.87365793933471
1,24.836029902100563
2,25.29102649539709
3,25.17976601421833
