Time [s],Power [mW]
0,12.698728278279305
1,25.29590019832055
2,25.27967292567094
3,25.432433595259983
4,25.466134414076805
5,25.302064277231693
6,25.681597123543423
