Time [s],Power [mW]
0,25.754787253836792
1,25.844437686105568
2,25.847013140718143
3,25.910299291213352
4,25.993704070647556
5,25.591858620444935
6,25.73289332042138
7,25.718969903886318
8,25.956067815423012
9,25.683856194218
10,25.627365509668987
11,25.594653417666752
12,25.644749862452347
13,25.61464990178744
14,25.348069794476032
15,25.473975725471973
