Time [s],Power [mW]
0,12.975303739309311
1,25.470219932496548
2,25.56319035589695
3,25.53733650346597
4,25.46294814348221
5,25.76732292274634
6,25.79401095956564
7,25.709457404911518
8,25.776128105819225
9,25.995359142621357
10,26.076557852327824
11,25.92782784750064
12,25.954050709803898
13,25.990183042983215
14,26.696468874812126
15,28.769605529805023
