Time [s],Power [mW]
0,26.00505593419075
1,25.912635557353497
2,25.520160955687363
3,26.072943776845932
4,26.093688470621903
5,25.684172640244167
6,25.63695536305507
7,25.801896962026756
8,25.953002269069355
9,25.606390642623108
10,25.566257379949093
11,25.87772688517968
12,26.035219326615334
13,25.963159297903378
14,25.61438934256633
15,25.794852130115032
