Time [s],Power [mW]
0,13.0899692500631
1,26.030166702965897
2,26.006840703388054
3,25.698376290500164
4,26.266195980211098
5,26.275327612956364
6,30.69660731901725
7,31.06953772654136
8,30.7486338665088
9,30.791425471504528
10,25.689094930887222
11,25.913787215948105
12,25.95857024937868
13,26.14359236508608
14,25.68890082836151
15,25.97975868235032
16,25.702140184740227
17,25.88259739925464
18,26.14532222598791
19,25.337690219283104
